{"[DEL]": {"scaled_frequency": 10.0, "proportion": 0.14487026898357533}, " ": {"scaled_frequency": 5.918501478803813, "proportion": 0.08574149012139967}, "E": {"scaled_frequency": 4.686164968780808, "proportion": 0.06788859795286836}, "T": {"scaled_frequency": 3.8153138350312195, "proportion": 0.05527255415377291}, "A": {"scaled_frequency": 3.595136378573776, "proportion": 0.052082837419661986}, "S": {"scaled_frequency": 3.118632928031548, "proportion": 0.04517971911449655}, "N": {"scaled_frequency": 2.783437397305291, "proportion": 0.040323732444656035}, "I": {"scaled_frequency": 2.7670062438383174, "proportion": 0.04008569388240895}, "O": {"scaled_frequency": 2.7637200131449227, "proportion": 0.04003808616995953}, "R": {"scaled_frequency": 2.612553401248768, "proportion": 0.037848131397286364}, "C": {"scaled_frequency": 1.9783108774235951, "proportion": 0.028659842894548915}, "L": {"scaled_frequency": 1.961879723956622, "proportion": 0.028421804332301834}, "D": {"scaled_frequency": 1.9257311863292803, "proportion": 0.027898119495358246}, "[LEFT-CMD]": {"scaled_frequency": 1.6694051922444955, "proportion": 0.024184717924303736}, "[LEFT]": {"scaled_frequency": 1.656260269470917, "proportion": 0.02399428707450607}, "[RETURN]": {"scaled_frequency": 1.6036805783766022, "proportion": 0.023232563675315402}, "U": {"scaled_frequency": 1.3177785080512652, "proportion": 0.019090692692216138}, "H": {"scaled_frequency": 1.2520538941833719, "proportion": 0.018138538443227804}, "M": {"scaled_frequency": 1.1896155110088729, "proportion": 0.017233991906688884}, "P": {"scaled_frequency": 1.107459743674006, "proportion": 0.016043799095453462}, "[RIGHT]": {"scaled_frequency": 1.0417351298061124, "proportion": 0.015091644846465127}, "G": {"scaled_frequency": 0.9760105159382189, "proportion": 0.014139490597476791}, "F": {"scaled_frequency": 0.7558330594807756, "proportion": 0.010949773863365866}, "W": {"scaled_frequency": 0.670391061452514, "proportion": 0.009711973339681029}, "Y": {"scaled_frequency": 0.6145251396648045, "proportion": 0.008902642228040943}, ".": {"scaled_frequency": 0.5915215248110418, "proportion": 0.008569388240895025}, "V": {"scaled_frequency": 0.5652316792638843, "proportion": 0.00818852654129969}, "_": {"scaled_frequency": 0.5586592178770949, "proportion": 0.008093311116400857}, "B": {"scaled_frequency": 0.5192244495563589, "proportion": 0.007522018567007856}, "[FWDDEL]": {"scaled_frequency": 0.40749260598093984, "proportion": 0.005903356343727684}, "K": {"scaled_frequency": 0.39763391390075586, "proportion": 0.0057605332063794335}, "X": {"scaled_frequency": 0.3056194544857049, "proportion": 0.004427517257795763}, "\"": {"scaled_frequency": 0.3056194544857049, "proportion": 0.004427517257795763}, "[LEFT-CTRL]": {"scaled_frequency": 0.2990469930989156, "proportion": 0.00433230183289693}, "-": {"scaled_frequency": 0.2957607624055209, "proportion": 0.0042846941204475126}, "[TAB]": {"scaled_frequency": 0.28261583963194215, "proportion": 0.004094263270649845}, "`": {"scaled_frequency": 0.26618468616496876, "proportion": 0.003856224708402761}, "[UP]": {"scaled_frequency": 0.2366086099244167, "proportion": 0.00342775529635801}, ",": {"scaled_frequency": 0.20046007229707527, "proportion": 0.0029040704594144253}, "[DOWN]": {"scaled_frequency": 0.1544528425895498, "proportion": 0.00223756248512259}, ":": {"scaled_frequency": 0.1248767663489977, "proportion": 0.0018090930730778386}, "2": {"scaled_frequency": 0.12159053565560303, "proportion": 0.0017614853606284218}, "@": {"scaled_frequency": 0.11501807426881368, "proportion": 0.0016662699357295882}, "J": {"scaled_frequency": 0.10844561288202431, "proportion": 0.0015710545108307545}, "=": {"scaled_frequency": 0.10515938218862964, "proportion": 0.0015234467983813377}, "0": {"scaled_frequency": 0.10187315149523496, "proportion": 0.001475839085931921}, "!": {"scaled_frequency": 0.10187315149523496, "proportion": 0.001475839085931921}, "Z": {"scaled_frequency": 0.10187315149523496, "proportion": 0.001475839085931921}, "(": {"scaled_frequency": 0.09201445941505093, "proportion": 0.0013330159485836705}, "'": {"scaled_frequency": 0.08872822872165625, "proportion": 0.0012854082361342537}, "Q": {"scaled_frequency": 0.08544199802826158, "proportion": 0.0012378005236848369}, "1": {"scaled_frequency": 0.0821557673348669, "proportion": 0.00119019281123542}, "3": {"scaled_frequency": 0.0690108445612882, "proportion": 0.0009997619614377528}, "5": {"scaled_frequency": 0.0558659217877095, "proportion": 0.0008093311116400857}, "[": {"scaled_frequency": 0.05257969109431482, "proportion": 0.0007617233991906689}, "[UNKNOWN]": {"scaled_frequency": 0.04929346040092014, "proportion": 0.0007141156867412521}, "?": {"scaled_frequency": 0.046007229707525465, "proportion": 0.0006665079742918352}, "/": {"scaled_frequency": 0.046007229707525465, "proportion": 0.0006665079742918352}, "7": {"scaled_frequency": 0.03286230693394676, "proportion": 0.00047607712449416806}, "4": {"scaled_frequency": 0.03286230693394676, "proportion": 0.00047607712449416806}, ")": {"scaled_frequency": 0.03286230693394676, "proportion": 0.00047607712449416806}, "[ENTER]": {"scaled_frequency": 0.02628984554715741, "proportion": 0.00038086169959533443}, "8": {"scaled_frequency": 0.02628984554715741, "proportion": 0.00038086169959533443}, ">": {"scaled_frequency": 0.019717384160368057, "proportion": 0.0002856462746965008}, "6": {"scaled_frequency": 0.019717384160368057, "proportion": 0.0002856462746965008}, "^": {"scaled_frequency": 0.01643115346697338, "proportion": 0.00023803856224708403}, "9": {"scaled_frequency": 0.01643115346697338, "proportion": 0.00023803856224708403}, "{": {"scaled_frequency": 0.01643115346697338, "proportion": 0.00023803856224708403}, "[ESC]": {"scaled_frequency": 0.013144922773578704, "proportion": 0.00019043084979766722}, "]": {"scaled_frequency": 0.013144922773578704, "proportion": 0.00019043084979766722}, "#": {"scaled_frequency": 0.013144922773578704, "proportion": 0.00019043084979766722}, "\\": {"scaled_frequency": 0.006572461386789352, "proportion": 9.521542489883361e-05}, "[]": {"scaled_frequency": 0.006572461386789352, "proportion": 9.521542489883361e-05}, "[\"RULE_NAME\"]": {"scaled_frequency": 0.006572461386789352, "proportion": 9.521542489883361e-05}, "}": {"scaled_frequency": 0.006572461386789352, "proportion": 9.521542489883361e-05}, "[\"DOMAIN_KWARGS\"]": {"scaled_frequency": 0.003286230693394676, "proportion": 4.7607712449416804e-05}, "[CLEAR]": {"scaled_frequency": 0.003286230693394676, "proportion": 4.7607712449416804e-05}}