{"[DEL]": {"scaled_frequency": 10.0, "proportion": 0.14487026898357533}, " ": {"scaled_frequency": 5.918501478803813, "proportion": 0.08574149012139967}, "E": {"scaled_frequency": 4.686164968780808, "proportion": 0.06788859795286836}, "T": {"scaled_frequency": 3.8153138350312195, "proportion": 0.05527255415377291}, "A": {"scaled_frequency": 3.595136378573776, "proportion": 0.052082837419661986}, "S": {"scaled_frequency": 3.118632928031548, "proportion": 0.04517971911449655}, "N": {"scaled_frequency": 2.783437397305291, "proportion": 0.040323732444656035}, "I": {"scaled_frequency": 2.7670062438383174, "proportion": 0.04008569388240895}, "O": {"scaled_frequency": 2.7637200131449227, "proportion": 0.04003808616995953}, "R": {"scaled_frequency": 2.612553401248768, "proportion": 0.037848131397286364}, "C": {"scaled_frequency": 1.9783108774235951, "proportion": 0.028659842894548915}, "L": {"scaled_frequency": 1.961879723956622, "proportion": 0.028421804332301834}, "D": {"scaled_frequency": 1.9257311863292803, "proportion": 0.027898119495358246}, "[LEFT-CMD]": {"scaled_frequency": 1.6694051922444955, "proportion": 0.024184717924303736}, "[LEFT]": {"scaled_frequency": 1.656260269470917, "proportion": 0.02399428707450607}, "[RETURN]": {"scaled_frequency": 1.6036805783766022, "proportion": 0.023232563675315402}, "U": {"scaled_frequency": 1.3177785080512652, "proportion": 0.019090692692216138}, "H": {"scaled_frequency": 1.2520538941833719, "proportion": 0.018138538443227804}, "M": {"scaled_frequency": 1.1896155110088729, "proportion": 0.017233991906688884}, "P": {"scaled_frequency": 1.107459743674006, "proportion": 0.016043799095453462}, "[RIGHT]": {"scaled_frequency": 1.0417351298061124, "proportion": 0.015091644846465127}, "G": {"scaled_frequency": 0.9760105159382189, "proportion": 0.014139490597476791}, "F": {"scaled_frequency": 0.7558330594807756, "proportion": 0.010949773863365866}, "W": {"scaled_frequency": 0.670391061452514, "proportion": 0.009711973339681029}, "Y": {"scaled_frequency": 0.6145251396648045, "proportion": 0.008902642228040943}, ".": {"scaled_frequency": 0.5915215248110418, "proportion": 0.008569388240895025}, "V": {"scaled_frequency": 0.5652316792638843, "proportion": 0.00818852654129969}, "_": {"scaled_frequency": 0.5586592178770949, "proportion": 0.008093311116400857}, "B": {"scaled_frequency": 0.5192244495563589, "proportion": 0.007522018567007856}, "[FWDDEL]": {"scaled_frequency": 0.40749260598093984, "proportion": 0.005903356343727684}, "K": {"scaled_frequency": 0.39763391390075586, "proportion": 0.0057605332063794335}, "X": {"scaled_frequency": 0.3056194544857049, "proportion": 0.004427517257795763}, "-": {"scaled_frequency": 0.2957607624055209, "proportion": 0.0042846941204475126}, "[UP]": {"scaled_frequency": 0.2366086099244167, "proportion": 0.00342775529635801}, "[DOWN]": {"scaled_frequency": 0.1544528425895498, "proportion": 0.00223756248512259}, ":": {"scaled_frequency": 0.1248767663489977, "proportion": 0.0018090930730778386}, "Q": {"scaled_frequency": 0.08544199802826158, "proportion": 0.0012378005236848369}, "/": {"scaled_frequency": 0.046007229707525465, "proportion": 0.0006665079742918352}}