{" ": {"scaled_frequency": 10.0, "proportion": 0.10932721712538226}, "O": {"scaled_frequency": 6.713286713286713, "proportion": 0.07339449541284404}, "[DEL]": {"scaled_frequency": 6.713286713286713, "proportion": 0.07339449541284404}, "E": {"scaled_frequency": 5.244755244755245, "proportion": 0.05733944954128441}, "I": {"scaled_frequency": 5.034965034965035, "proportion": 0.05504587155963303}, "A": {"scaled_frequency": 4.965034965034965, "proportion": 0.054281345565749234}, "R": {"scaled_frequency": 4.755244755244755, "proportion": 0.05198776758409786}, "T": {"scaled_frequency": 4.755244755244755, "proportion": 0.05198776758409786}, "S": {"scaled_frequency": 4.475524475524476, "proportion": 0.04892966360856269}, "N": {"scaled_frequency": 3.9860139860139863, "proportion": 0.04357798165137615}, "M": {"scaled_frequency": 3.4265734265734267, "proportion": 0.03746177370030581}, "D": {"scaled_frequency": 2.7272727272727275, "proportion": 0.02981651376146789}, "C": {"scaled_frequency": 2.5174825174825175, "proportion": 0.027522935779816515}, "L": {"scaled_frequency": 2.097902097902098, "proportion": 0.022935779816513763}, "H": {"scaled_frequency": 1.7482517482517481, "proportion": 0.0191131498470948}, "G": {"scaled_frequency": 1.6783216783216783, "proportion": 0.01834862385321101}, "[RETURN]": {"scaled_frequency": 1.5384615384615383, "proportion": 0.016819571865443424}, "F": {"scaled_frequency": 1.4685314685314685, "proportion": 0.016055045871559634}, "P": {"scaled_frequency": 1.4685314685314685, "proportion": 0.016055045871559634}, "[LEFT-CMD]": {"scaled_frequency": 1.3986013986013985, "proportion": 0.01529051987767584}, "Y": {"scaled_frequency": 1.3286713286713288, "proportion": 0.01452599388379205}, ".": {"scaled_frequency": 1.2587412587412588, "proportion": 0.013761467889908258}, "K": {"scaled_frequency": 1.1888111888111887, "proportion": 0.012996941896024464}, "2": {"scaled_frequency": 1.048951048951049, "proportion": 0.011467889908256881}, "U": {"scaled_frequency": 0.979020979020979, "proportion": 0.010703363914373088}, "B": {"scaled_frequency": 0.7692307692307692, "proportion": 0.008409785932721712}, "[FWDDEL]": {"scaled_frequency": 0.7692307692307692, "proportion": 0.008409785932721712}, "W": {"scaled_frequency": 0.6293706293706294, "proportion": 0.006880733944954129}, "V": {"scaled_frequency": 0.5594405594405595, "proportion": 0.0061162079510703364}, "-": {"scaled_frequency": 0.4895104895104895, "proportion": 0.005351681957186544}, "!": {"scaled_frequency": 0.4895104895104895, "proportion": 0.005351681957186544}, "/": {"scaled_frequency": 0.4195804195804196, "proportion": 0.0045871559633027525}, "'": {"scaled_frequency": 0.4195804195804196, "proportion": 0.0045871559633027525}, "[LEFT]": {"scaled_frequency": 0.4195804195804196, "proportion": 0.0045871559633027525}, "[UNKNOWN]": {"scaled_frequency": 0.4195804195804196, "proportion": 0.0045871559633027525}, "7": {"scaled_frequency": 0.34965034965034963, "proportion": 0.00382262996941896}, ":": {"scaled_frequency": 0.34965034965034963, "proportion": 0.00382262996941896}, "3": {"scaled_frequency": 0.34965034965034963, "proportion": 0.00382262996941896}, "Z": {"scaled_frequency": 0.34965034965034963, "proportion": 0.00382262996941896}, "1": {"scaled_frequency": 0.27972027972027974, "proportion": 0.0030581039755351682}, "0": {"scaled_frequency": 0.27972027972027974, "proportion": 0.0030581039755351682}, "[LEFT-CTRL]": {"scaled_frequency": 0.27972027972027974, "proportion": 0.0030581039755351682}, "4": {"scaled_frequency": 0.2097902097902098, "proportion": 0.0022935779816513763}, "8": {"scaled_frequency": 0.13986013986013987, "proportion": 0.0015290519877675841}, "_": {"scaled_frequency": 0.13986013986013987, "proportion": 0.0015290519877675841}, "9": {"scaled_frequency": 0.13986013986013987, "proportion": 0.0015290519877675841}, "X": {"scaled_frequency": 0.13986013986013987, "proportion": 0.0015290519877675841}, "6": {"scaled_frequency": 0.13986013986013987, "proportion": 0.0015290519877675841}, "[UP]": {"scaled_frequency": 0.06993006993006994, "proportion": 0.0007645259938837921}, "=": {"scaled_frequency": 0.06993006993006994, "proportion": 0.0007645259938837921}, "[ENTER]": {"scaled_frequency": 0.06993006993006994, "proportion": 0.0007645259938837921}, "[ESC]": {"scaled_frequency": 0.06993006993006994, "proportion": 0.0007645259938837921}, "5": {"scaled_frequency": 0.06993006993006994, "proportion": 0.0007645259938837921}, "Q": {"scaled_frequency": 0.06993006993006994, "proportion": 0.0007645259938837921}}